cardNumber,player,team,source,status
201,Caleb Williams,Chicago Bears,TCDB,CONFIRMED
202,Adisa Isaac,Baltimore Ravens,TCDB,CONFIRMED
203,Adonai Mitchell,Indianapolis Colts,TCDB,CONFIRMED
204,AJ Barner,Seattle Seahawks,TCDB,CONFIRMED
205,Anthony Gould,Indianapolis Colts,TCDB,CONFIRMED
206,Audric Estime,Denver Broncos,TCDB,CONFIRMED
207,Ben Sinnott,Washington Commanders,TCDB,CONFIRMED
208,Blake Corum,Los Angeles Rams,TCDB,CONFIRMED
209,Bo Nix,Denver Broncos,TCDB,CONFIRMED
210,Braden Fiske,Los Angeles Rams,TCDB,CONFIRMED
211,Braelon Allen,New York Jets,TCDB,CONFIRMED
212,Bralen Trice,Atlanta Falcons,TCDB,CONFIRMED
213,Brenden Rice,Los Angeles Chargers,TCDB,CONFIRMED
214,Brian Thomas Jr.,Jacksonville Jaguars,TCDB,CONFIRMED
215,Brock Bowers,Las Vegas Raiders,TCDB,CONFIRMED
216,Bucky Irving,Tampa Bay Buccaneers,TCDB,CONFIRMED
217,Byron Murphy II,Seattle Seahawks,TCDB,CONFIRMED
218,Cade Stover,Houston Texans,TCDB,CONFIRMED
219,Chop Robinson,Miami Dolphins,TCDB,CONFIRMED
220,Chris Braswell,Tampa Bay Buccaneers,TCDB,CONFIRMED
221,Cooper DeJean,Philadelphia Eagles,TCDB,CONFIRMED
222,D.J. James,Seattle Seahawks,TCDB,CONFIRMED
223,Daijun Edwards,Pittsburgh Steelers,TCDB,CONFIRMED
224,Dallas Turner,Minnesota Vikings,TCDB,CONFIRMED
225,Darius Robinson,Arizona Cardinals,TCDB,CONFIRMED
226,Devin Culp,Tampa Bay Buccaneers,TCDB,CONFIRMED
227,Devin Leary,Baltimore Ravens,TCDB,CONFIRMED
228,Devontez Walker,Baltimore Ravens,TCDB,CONFIRMED
229,Drake Maye,New England Patriots,TCDB,CONFIRMED
230,Dylan Laube,Las Vegas Raiders,TCDB,CONFIRMED
231,Edgerrin Cooper,Green Bay Packers,TCDB,CONFIRMED
232,Ennis Rakestraw Jr.,Detroit Lions,TCDB,CONFIRMED
233,Erick All Jr.,Cincinnati Bengals,TCDB,CONFIRMED
234,J.C. Latham,Tennessee Titans,TCDB,CONFIRMED
235,J.J. McCarthy,Minnesota Vikings,TCDB,CONFIRMED
236,Jacob Cowing,San Francisco 49ers,TCDB,CONFIRMED
237,Jaden Hicks,Kansas City Chiefs,TCDB,CONFIRMED
238,Jaheim Bell,New England Patriots,TCDB,CONFIRMED
239,Jalen McMillan,Tampa Bay Buccaneers,TCDB,CONFIRMED
240,Ja'Lynn Polk,New England Patriots,TCDB,CONFIRMED
241,Jamari Thrash,Cleveland Browns,TCDB,CONFIRMED
242,Jared Verse,Los Angeles Rams,TCDB,CONFIRMED
243,Jase McClellan,Atlanta Falcons,TCDB,CONFIRMED
244,Ja'Tavion Sanders,Carolina Panthers,TCDB,CONFIRMED
245,Javon Baker,New England Patriots,TCDB,CONFIRMED
246,Javon Bullard,Green Bay Packers,TCDB,CONFIRMED
247,Jawhar Jordan,Houston Texans,TCDB,CONFIRMED
248,Jayden Daniels,Washington Commanders,TCDB,CONFIRMED
249,Jaylen Wright,Miami Dolphins,TCDB,CONFIRMED
250,Jeremiah Trotter Jr.,Philadelphia Eagles,TCDB,CONFIRMED
251,Jermaine Burton,Cincinnati Bengals,TCDB,CONFIRMED
252,Jer'Zhan Newton,Washington Commanders,TCDB,CONFIRMED
253,Jha'Quan Jackson,Tennessee Titans,TCDB,CONFIRMED
254,Joe Alt,Los Angeles Chargers,TCDB,CONFIRMED
255,Joe Milton III,New England Patriots,TCDB,CONFIRMED
256,Johnny Wilson,Philadelphia Eagles,TCDB,CONFIRMED
257,Jonah Elliss,Denver Broncos,TCDB,CONFIRMED
258,Jonathon Brooks,Carolina Panthers,TCDB,CONFIRMED
259,Tyrone Tracy Jr.,New York Giants,TCDB,CONFIRMED
260,Jordan Travis,New York Jets,TCDB,CONFIRMED
261,Kamari Lassiter,Houston Texans,TCDB,CONFIRMED
262,Kimani Vidal,Los Angeles Chargers,TCDB,CONFIRMED
263,Keon Coleman,Buffalo Bills,TCDB,CONFIRMED
264,Kool-Aid McKinstry,New Orleans Saints,TCDB,CONFIRMED
265,Kris Jenkins,Cincinnati Bengals,TCDB,CONFIRMED
266,Ladd McConkey,Los Angeles Chargers,TCDB,CONFIRMED
267,Laiatu Latu,Indianapolis Colts,TCDB,CONFIRMED
268,Luke McCaffrey,Washington Commanders,TCDB,CONFIRMED
269,Maason Smith,Jacksonville Jaguars,TCDB,CONFIRMED
270,Malachi Corley,New York Jets,TCDB,CONFIRMED
271,Malik Nabers,New York Giants,TCDB,CONFIRMED
272,Malik Washington,Miami Dolphins,TCDB,CONFIRMED
273,Marist Liufau,Dallas Cowboys,TCDB,CONFIRMED
274,Marshawn Kneeland,Dallas Cowboys,TCDB,CONFIRMED
275,MarShawn Lloyd,Green Bay Packers,TCDB,CONFIRMED
276,Marvin Harrison Jr.,Arizona Cardinals,TCDB,CONFIRMED
277,Max Melton,Arizona Cardinals,TCDB,CONFIRMED
278,Tory Taylor,Chicago Bears,TCDB,CONFIRMED
279,Michael Penix Jr.,Atlanta Falcons,TCDB,CONFIRMED
280,Michael Pratt,Tampa Bay Buccaneers,TCDB,CONFIRMED
281,Nate Wiggins,Baltimore Ravens,TCDB,CONFIRMED
282,Quinyon Mitchell,Philadelphia Eagles,TCDB,CONFIRMED
283,Ray Davis,Buffalo Bills,TCDB,CONFIRMED
284,Ricky Pearsall,San Francisco 49ers,TCDB,CONFIRMED
285,Roman Wilson,Pittsburgh Steelers,TCDB,CONFIRMED
286,Rome Odunze,Chicago Bears,TCDB,CONFIRMED
287,Ruke Orhorhoro,Atlanta Falcons,TCDB,CONFIRMED
288,Ryan Flournoy,Dallas Cowboys,TCDB,CONFIRMED
289,Spencer Rattler,New Orleans Saints,TCDB,CONFIRMED
290,Terrion Arnold,Detroit Lions,TCDB,CONFIRMED
291,Theo Johnson,New York Giants,TCDB,CONFIRMED
292,Tip Reiman,Arizona Cardinals,TCDB,CONFIRMED
293,Trey Benson,Arizona Cardinals,TCDB,CONFIRMED
294,Troy Franklin,Denver Broncos,TCDB,CONFIRMED
295,T'Vondre Sweat,Tennessee Titans,TCDB,CONFIRMED
296,Tyler Nubin,New York Giants,TCDB,CONFIRMED
297,Will Reichard,Minnesota Vikings,TCDB,CONFIRMED
298,Will Shipley,Philadelphia Eagles,TCDB,CONFIRMED
299,Xavier Legette,Carolina Panthers,TCDB,CONFIRMED
300,Xavier Worthy,Kansas City Chiefs,TCDB,CONFIRMED
