cardNumber,v2Player,v2Team,tcdbPlayer,tcdbTeam,status
201,Caleb Williams,Chicago Bears,Caleb Williams,Chicago Bears,MATCH
202,Adisa Isaac,Baltimore Ravens,Adisa Isaac,Baltimore Ravens,MATCH
203,Adonai Mitchell,Indianapolis Colts,Adonai Mitchell,Indianapolis Colts,MATCH
204,AJ Barner,Seattle Seahawks,AJ Barner,Seattle Seahawks,MATCH
205,Anthony Gould,Indianapolis Colts,Anthony Gould,Indianapolis Colts,MATCH
206,Audric Estime,Denver Broncos,Audric Estime,Denver Broncos,MATCH
207,Ben Sinnott,Washington Commanders,Ben Sinnott,Washington Commanders,MATCH
208,Blake Corum,Los Angeles Rams,Blake Corum,Los Angeles Rams,MATCH
209,Bo Nix,Denver Broncos,Bo Nix,Denver Broncos,MATCH
210,Braden Fiske,Los Angeles Rams,Braden Fiske,Los Angeles Rams,MATCH
211,Braelon Allen,New York Jets,Braelon Allen,New York Jets,MATCH
212,Bralen Trice,Atlanta Falcons,Bralen Trice,Atlanta Falcons,MATCH
213,Brenden Rice,Los Angeles Chargers,Brenden Rice,Los Angeles Chargers,MATCH
214,Brian Thomas Jr.,Jacksonville Jaguars,Brian Thomas Jr.,Jacksonville Jaguars,MATCH
215,Brock Bowers,Las Vegas Raiders,Brock Bowers,Las Vegas Raiders,MATCH
216,Bucky Irving,Tampa Bay Buccaneers,Bucky Irving,Tampa Bay Buccaneers,MATCH
217,Byron Murphy II,Seattle Seahawks,Byron Murphy II,Seattle Seahawks,MATCH
218,Cade Stover,Houston Texans,Cade Stover,Houston Texans,MATCH
219,Chop Robinson,Miami Dolphins,Chop Robinson,Miami Dolphins,MATCH
220,Chris Braswell,Tampa Bay Buccaneers,Chris Braswell,Tampa Bay Buccaneers,MATCH
221,Cooper DeJean,Philadelphia Eagles,Cooper DeJean,Philadelphia Eagles,MATCH
222,D.J. James,Seattle Seahawks,D.J. James,Seattle Seahawks,MATCH
223,Daijun Edwards,Pittsburgh Steelers,Daijun Edwards,Pittsburgh Steelers,MATCH
224,Dallas Turner,Minnesota Vikings,Dallas Turner,Minnesota Vikings,MATCH
225,Darius Robinson,Arizona Cardinals,Darius Robinson,Arizona Cardinals,MATCH
226,Devin Culp,Tampa Bay Buccaneers,Devin Culp,Tampa Bay Buccaneers,MATCH
227,Devin Leary,Baltimore Ravens,Devin Leary,Baltimore Ravens,MATCH
228,Devontez Walker,Baltimore Ravens,Devontez Walker,Baltimore Ravens,MATCH
229,Drake Maye,New England Patriots,Drake Maye,New England Patriots,MATCH
230,Dylan Laube,Las Vegas Raiders,Dylan Laube,Las Vegas Raiders,MATCH
231,Edgerrin Cooper,Green Bay Packers,Edgerrin Cooper,Green Bay Packers,MATCH
232,Ennis Rakestraw Jr.,Detroit Lions,Ennis Rakestraw Jr.,Detroit Lions,MATCH
233,Erick All Jr.,Cincinnati Bengals,Erick All Jr.,Cincinnati Bengals,MATCH
234,J.C. Latham,Tennessee Titans,J.C. Latham,Tennessee Titans,MATCH
235,J.J. McCarthy,Minnesota Vikings,J.J. McCarthy,Minnesota Vikings,MATCH
236,Jacob Cowing,San Francisco 49ers,Jacob Cowing,San Francisco 49ers,MATCH
237,Jaden Hicks,Kansas City Chiefs,Jaden Hicks,Kansas City Chiefs,MATCH
238,Jaheim Bell,New England Patriots,Jaheim Bell,New England Patriots,MATCH
239,Jalen McMillan,Tampa Bay Buccaneers,Jalen McMillan,Tampa Bay Buccaneers,MATCH
240,Ja'Lynn Polk,New England Patriots,Ja'Lynn Polk,New England Patriots,MATCH
241,Jamari Thrash,Cleveland Browns,Jamari Thrash,Cleveland Browns,MATCH
242,Jared Verse,Los Angeles Rams,Jared Verse,Los Angeles Rams,MATCH
243,Jase McClellan,Atlanta Falcons,Jase McClellan,Atlanta Falcons,MATCH
244,Ja'Tavion Sanders,Carolina Panthers,Ja'Tavion Sanders,Carolina Panthers,MATCH
245,Javon Baker,New England Patriots,Javon Baker,New England Patriots,MATCH
246,Javon Bullard,Green Bay Packers,Javon Bullard,Green Bay Packers,MATCH
247,Jawhar Jordan,Houston Texans,Jawhar Jordan,Houston Texans,MATCH
248,Jayden Daniels,Washington Commanders,Jayden Daniels,Washington Commanders,MATCH
249,Jaylen Wright,Miami Dolphins,Jaylen Wright,Miami Dolphins,MATCH
250,Jeremiah Trotter Jr.,Philadelphia Eagles,Jeremiah Trotter Jr.,Philadelphia Eagles,MATCH
251,Jermaine Burton,Cincinnati Bengals,Jermaine Burton,Cincinnati Bengals,MATCH
252,Jer'Zhan Newton,Washington Commanders,Jer'Zhan Newton,Washington Commanders,MATCH
253,Jha'Quan Jackson,Tennessee Titans,Jha'Quan Jackson,Tennessee Titans,MATCH
254,Joe Alt,Los Angeles Chargers,Joe Alt,Los Angeles Chargers,MATCH
255,Joe Milton III,New England Patriots,Joe Milton III,New England Patriots,MATCH
256,Johnny Wilson,Philadelphia Eagles,Johnny Wilson,Philadelphia Eagles,MATCH
257,Jonah Elliss,Denver Broncos,Jonah Elliss,Denver Broncos,MATCH
258,Jonathon Brooks,Carolina Panthers,Jonathon Brooks,Carolina Panthers,MATCH
259,Tyrone Tracy Jr.,New York Giants,Tyrone Tracy Jr.,New York Giants,MATCH
260,Jordan Travis,New York Jets,Jordan Travis,New York Jets,MATCH
261,Kamari Lassiter,Houston Texans,Kamari Lassiter,Houston Texans,MATCH
262,Kimani Vidal,Los Angeles Chargers,Kimani Vidal,Los Angeles Chargers,MATCH
263,Keon Coleman,Buffalo Bills,Keon Coleman,Buffalo Bills,MATCH
264,Kool-Aid McKinstry,New Orleans Saints,Kool-Aid McKinstry,New Orleans Saints,MATCH
265,Kris Jenkins,Cincinnati Bengals,Kris Jenkins,Cincinnati Bengals,MATCH
266,Ladd McConkey,Los Angeles Chargers,Ladd McConkey,Los Angeles Chargers,MATCH
267,Laiatu Latu,Indianapolis Colts,Laiatu Latu,Indianapolis Colts,MATCH
268,Luke McCaffrey,Washington Commanders,Luke McCaffrey,Washington Commanders,MATCH
269,Maason Smith,Jacksonville Jaguars,Maason Smith,Jacksonville Jaguars,MATCH
270,Malachi Corley,New York Jets,Malachi Corley,New York Jets,MATCH
271,Malik Nabers,New York Giants,Malik Nabers,New York Giants,MATCH
272,Malik Washington,Miami Dolphins,Malik Washington,Miami Dolphins,MATCH
273,Marist Liufau,Dallas Cowboys,Marist Liufau,Dallas Cowboys,MATCH
274,Marshawn Kneeland,Dallas Cowboys,Marshawn Kneeland,Dallas Cowboys,MATCH
275,MarShawn Lloyd,Green Bay Packers,MarShawn Lloyd,Green Bay Packers,MATCH
276,Marvin Harrison Jr.,Arizona Cardinals,Marvin Harrison Jr.,Arizona Cardinals,MATCH
277,Max Melton,Arizona Cardinals,Max Melton,Arizona Cardinals,MATCH
278,Tory Taylor,Chicago Bears,Tory Taylor,Chicago Bears,MATCH
279,Michael Penix Jr.,Atlanta Falcons,Michael Penix Jr.,Atlanta Falcons,MATCH
280,Michael Pratt,Tampa Bay Buccaneers,Michael Pratt,Tampa Bay Buccaneers,MATCH
281,Nate Wiggins,Baltimore Ravens,Nate Wiggins,Baltimore Ravens,MATCH
282,Quinyon Mitchell,Philadelphia Eagles,Quinyon Mitchell,Philadelphia Eagles,MATCH
283,Ray Davis,Buffalo Bills,Ray Davis,Buffalo Bills,MATCH
284,Ricky Pearsall,San Francisco 49ers,Ricky Pearsall,San Francisco 49ers,MATCH
285,Roman Wilson,Pittsburgh Steelers,Roman Wilson,Pittsburgh Steelers,MATCH
286,Rome Odunze,Chicago Bears,Rome Odunze,Chicago Bears,MATCH
287,Ruke Orhorhoro,Atlanta Falcons,Ruke Orhorhoro,Atlanta Falcons,MATCH
288,Ryan Flournoy,Dallas Cowboys,Ryan Flournoy,Dallas Cowboys,MATCH
289,Spencer Rattler,New Orleans Saints,Spencer Rattler,New Orleans Saints,MATCH
290,Terrion Arnold,Detroit Lions,Terrion Arnold,Detroit Lions,MATCH
291,Theo Johnson,New York Giants,Theo Johnson,New York Giants,MATCH
292,Tip Reiman,Arizona Cardinals,Tip Reiman,Arizona Cardinals,MATCH
293,Trey Benson,Arizona Cardinals,Trey Benson,Arizona Cardinals,MATCH
294,Troy Franklin,Denver Broncos,Troy Franklin,Denver Broncos,MATCH
295,T'Vondre Sweat,Tennessee Titans,T'Vondre Sweat,Tennessee Titans,MATCH
296,Tyler Nubin,New York Giants,Tyler Nubin,New York Giants,MATCH
297,Will Reichard,Minnesota Vikings,Will Reichard,Minnesota Vikings,MATCH
298,Will Shipley,Philadelphia Eagles,Will Shipley,Philadelphia Eagles,MATCH
299,Xavier Legette,Carolina Panthers,Xavier Legette,Carolina Panthers,MATCH
300,Xavier Worthy,Kansas City Chiefs,Xavier Worthy,Kansas City Chiefs,MATCH
